HOTEL_NAME,HOTEL_RATING,CITY,HOTEL_TYPE,BREAKFAST_INCLUDED,WIFI_INCLUDED,PARKING_INCLUDED,FACILITY_1,FACILITY_2,FACILITY_3,FACILITY_4,FACILITY_5,HOTEL_PRICE
Treebo Trend Kuval Inn,4.2,pune,Free breakfast,Free Wi-Fi,Free parking,Pool,Air conditioning,Full-service laundry,Kid-friendly,0,0,2084
Hotel Corporate Stay,4,pune,3-star hotel,Free breakfast,Free Wi-Fi,Free parking,Air conditioning,Restaurant,Room service,Kitchen,Airport shuttle,2123
Jugglers Backpack,4.7,pune,Free breakfast,Free Wi-Fi,Free parking,Air conditioning,Room service,Kitchen,Airport shuttle,Full-service laundry,Business center,1116
Hyatt Pune,4.4,pune,5-star hotel,Breakfast,Free Wi-Fi,Free parking,Pool,Air conditioning,Fitness center,Spa,Bar,9701
"The Central Park Hotel, Pune",4.1,pune,4-star hotel,Free breakfast,Wi-Fi,Free parking,Pool,Air conditioning,Fitness center,Spa,Restaurant,3708
"Four Points by Sheraton Hotel & Serviced Apartments, Pune",4.3,pune,5-star hotel,Breakfast,Free Wi-Fi,Free parking,Pool,Air conditioning,Fitness center,Spa,Bar,6796
Hotel Phoenix,4,pune,3-star hotel,Free breakfast,Wi-Fi,Paid parking,Air conditioning,Restaurant,Room service,Airport shuttle,Full-service laundry,2752
Hotel anvisha executive,4.4,pune,0,0,0,0,0,0,0,0,0,1067
EMA Family Rooms,3.8,pune,Sleeps 6,2 bedrooms,Air conditioning,Fireplace,Kitchen,Cable TV,Paid parking,Free Wi-Fi,No crib,1241
JM Four Hotel,3.9,pune,3-star hotel,Free breakfast,Free Wi-Fi,Free parking,Air conditioning,Restaurant,Room service,Airport shuttle,Full-service laundry,2550
Royal Orchid Central Pune,4.3,pune,4-star hotel,Free breakfast,Free Wi-Fi,Free parking,Pool,Air conditioning,Fitness center,Bar,Restaurant,5085
"StayBird - B Suite, Business Hotel",4,pune,3-star hotel,Free breakfast,Free Wi-Fi,Free parking,Air conditioning,Restaurant,Room service,Kitchen,Airport shuttle,2512
Hotel Sardar,3.5,pune,3-star hotel,Free Wi-Fi,Free parking,Air conditioning,Restaurant,Room service,Kitchen,Full-service laundry,Kid-friendly,1344
Sunny's World,4.2,pune,Free breakfast,Free Wi-Fi,Free parking,Pool,Air conditioning,Restaurant,Kitchen,Full-service laundry,Accessible,4549
Procida Hostel by Zero Jhanjhat,4.4,pune,Breakfast,Free Wi-Fi,Pool,Restaurant,Full-service laundry,0,0,0,0,921
The Oakwood,4,pune,4-star hotel,Free breakfast,Wi-Fi,Paid parking,Air conditioning,Restaurant,Room service,Kitchen,Full-service laundry,3333
Sheraton Grand Pune Bund Garden Hotel,4.5,pune,5-star hotel,Breakfast,Free Wi-Fi,Free parking,Pool,Hot tub,Air conditioning,Fitness center,Spa,9435
Pratikruti The Lakeview Resort,4.2,pune,3-star hotel,Free breakfast,Free Wi-Fi,Free parking,Pool,Air conditioning,Pet-friendly,Restaurant,Room service,1284
Hotel Centro,4.4,pune,Breakfast,Free Wi-Fi,Free parking,Air conditioning,Restaurant,Room service,Full-service laundry,Accessible,Kid-friendly,2607
St Laurn Hotel,3.9,pune,4-star hotel,Breakfast,Free Wi-Fi,Free parking,Pool,Air conditioning,Bar,Restaurant,Room service,4381
Cherry Tree | Rooms & Wi-Fi,3.6,pune,Sleeps 3,1 bedroom,Air conditioning,Fireplace,Free parking,Free Wi-Fi,No crib,No elevator,No fitness center,1588
Fairfield by Marriott Pune Kharadi,4.3,pune,4-star hotel,Free breakfast,Free Wi-Fi,Free parking,Air conditioning,Fitness center,Bar,Restaurant,Room service,7280
Sunny's World,4.2,pune,Free breakfast,Free Wi-Fi,Free parking,Pool,Air conditioning,Restaurant,Kitchen,Full-service laundry,Accessible,4549
Novotel Chennai Sipcot,4.7,chennai,5-star hotel,Free breakfast,Free Wi-Fi,Free parking,Pool,Air conditioning,Fitness center,Bar,Restaurant,5145
Park Plaza Chennai OMR,4.1,chennai,5-star hotel,Breakfast,Free Wi-Fi,Free parking,Pool,Air conditioning,Fitness center,Spa,Bar,4704
Avenue 11 Boutique Residences | Rooms & Caretaker,4,chennai,Sleeps 8,3 bedrooms,Air conditioning,Fireplace,Paid parking,Free Wi-Fi,No crib,No elevator,No fitness center,3853
"Olive Inn Luxurious 4-BHK Villa with Indoor Swimming Pool, Wifi, BBQ",3.4,chennai,Villa,Sleeps 10,4 bedrooms,7 bathrooms,Air conditioning,Pool,Kitchen,Smoke-free,Free parking,9753
Juhu Beach House ECR,4.5,chennai,Free Wi-Fi,Free parking,Pool,Air conditioning,Beach access,Kitchen,Full-service laundry,0,0,4965
Umino Beach Resort Banquet Hall and Restaurant,4.3,chennai,Breakfast,Free Wi-Fi,Free parking,Pool,Air conditioning,Beach access,Restaurant,Room service,Full-service laundry,3677
VGP Golden Beach Resort,3.9,chennai,2-star hotel,Free breakfast,Free Wi-Fi,Free parking,Pool,Hot tub,Air conditioning,Spa,Beach access,4267
"Regenta Central RS, Chennai(OMR). 4 Star Hotel",4.2,chennai,Free breakfast,Free Wi-Fi,Free parking,Pool,Air conditioning,Fitness center,Bar,Restaurant,Room service,3366
Turyaa Chennai,4.3,chennai,5-star hotel,Free breakfast,Free Wi-Fi,Free parking,Pool,Air conditioning,Fitness center,Spa,Bar,3797
Blue Lagoon Beach Resort,3.9,chennai,3-star hotel,Free breakfast,Free Wi-Fi,Free parking,Pool,Air conditioning,Restaurant,Room service,Full-service laundry,6402
Fairfield by Marriott Chennai OMR,4.2,chennai,4-star hotel,Free breakfast,Free Wi-Fi,Free parking,Air conditioning,Fitness center,Bar,Restaurant,Room service,3707
Four Points by Sheraton Chennai OMR,4.2,chennai,4-star hotel,Breakfast,Free Wi-Fi,Free parking,Pool,Air conditioning,Fitness center,Restaurant,Room service,5053
"Taj Club House, Chennai",4.4,chennai,5-star hotel,Free breakfast,Free Wi-Fi,Free parking,Pool,Air conditioning,Pet-friendly,Fitness center,Spa,7552
"Vivanta Chennai, IT Expressway",4.3,chennai,5-star hotel,Free breakfast,Free Wi-Fi,Free parking,Pool,Air conditioning,Pet-friendly,Fitness center,Spa,5485
Ilara Hotels & Spa,4.6,chennai,3-star hotel,Free breakfast,Wi-Fi,Free parking,Pool,Air conditioning,Spa,Restaurant,Room service,4234
Maroma Suites,4.5,chennai,Free breakfast,Free Wi-Fi,Free parking,Pool,Air conditioning,Restaurant,Airport shuttle,Full-service laundry,Accessible,3795
The Madras Grand - Hotel Egmore,4.5,chennai,Free breakfast,Free Wi-Fi,Free parking,Air conditioning,Fitness center,Restaurant,Room service,Airport shuttle,Full-service laundry,4974
"Holiday Inn Express Chennai Omr Thoraipakkam, an IHG Hotel",4.1,chennai,2-star hotel,Free breakfast,Free Wi-Fi,Free parking,Air conditioning,Fitness center,Restaurant,Room service,Airport shuttle,3859
"Crowne Plaza New Delhi Rohini, an IHG Hotel",4.4,delhi,4-star hotel,Breakfast,Free Wi-Fi,Free parking,Pool,Hot tub,Air conditioning,Fitness center,Spa,7825
ट्राइडेंट होटल,4.6,delhi,5-star hotel,Free breakfast,Free Wi-Fi,Free parking,Pool,Hot tub,Air conditioning,Fitness center,Spa,12272
Nu Delhi Homestay - Deluxe Double Room,4.6,delhi,House,Sleeps 2,1 bedroom,1 bathroom,2 beds,Air conditioning,Crib,Fitness center,Heating,1999
The Leela Ambience Convention Hotel Delhi,4.5,delhi,5-star hotel,Free breakfast,Wi-Fi,Free parking,Pool,Hot tub,Air conditioning,Fitness center,Spa,9809
Hotel City Park- Hotels in Delhi,4.2,delhi,4-star hotel,Free breakfast,Free Wi-Fi,Free parking,Pool,Hot tub,Air conditioning,Fitness center,Spa,5376
Hotel Mayda Residency By Mayda Hospitality Pvt. Ltd.,4.6,delhi,Breakfast,Free Wi-Fi,Free parking,Air conditioning,Restaurant,Room service,Airport shuttle,Full-service laundry,Accessible,1212
JRD Pride,4.4,delhi,3-star hotel,Free breakfast,Free Wi-Fi,Free parking,Air conditioning,Restaurant,Room service,Airport shuttle,Full-service laundry,4720
Radisson Blu Hotel New Delhi Paschim Vihar,4.4,delhi,5-star hotel,Breakfast,Free Wi-Fi,Paid parking,Pool,Air conditioning,Fitness center,Spa,Bar,7285
IIDL Suites,4.3,delhi,5-star hotel,Free breakfast,Free Wi-Fi,Free parking,Pool,Hot tub,Air conditioning,Fitness center,Spa,5720
Park Inn by Radisson New Delhi IP Extension,4.3,delhi,4-star hotel,Breakfast,Free Wi-Fi,Free parking,Pool,Air conditioning,Fitness center,Bar,Restaurant,6828
IIDL Suites,3.8,delhi,Apartment,Sleeps 10,Air conditioning,Airport shuttle,Elevator,Fireplace,Fitness center,Hot tub,Kitchen,6163
"Welcomhotel By ITC Hotels, Dwarka, New Delhi - Contemporary Hotel in the Capital | Ideal for Business & Leisure Travellers",4.5,delhi,5-star hotel,Free breakfast,Free Wi-Fi,Free parking,Pool,Air conditioning,Fitness center,Spa,Bar,8141
Sarovar Portico Naraina,3.9,delhi,3-star hotel,Free breakfast,Free Wi-Fi,Free parking,Air conditioning,Restaurant,Room service,Kitchen,Airport shuttle,4536
Hyatt Centric Janakpuri New Delhi,3.8,delhi,5-star hotel,Free breakfast,Free Wi-Fi,Free parking,Pool,Air conditioning,Fitness center,Spa,Bar,7484
"Taj Palace, New Delhi",4.7,delhi,5-star hotel,Breakfast,Wi-Fi,Free parking,Pool,Hot tub,Air conditioning,Fitness center,Spa,15050
The Pamposh,3.7,delhi,3-star hotel,Free breakfast,Free Wi-Fi,Air conditioning,Restaurant,Full-service laundry,Business center,Kid-friendly,0,3931
Caves by Craftels,4.7,delhi,Breakfast,Free Wi-Fi,Free parking,Pool,Hot tub,Air conditioning,Spa,Restaurant,Room service,5040
Bloomrooms @ Janpath,4.4,delhi,3-star hotel,Breakfast,Free Wi-Fi,Free parking,Air conditioning,Fitness center,Restaurant,Room service,Full-service laundry,6451
Ramada by Wyndham New Delhi Pitampura,3.9,delhi,4-star hotel,Free breakfast,Free Wi-Fi,Free parking,Air conditioning,Fitness center,Restaurant,Room service,Accessible,6305
Bloom Boutique | GK-1,4.2,delhi,3-star hotel,Breakfast,Free Wi-Fi,Free parking,Air conditioning,Restaurant,Room service,Kitchen,Full-service laundry,4659
The Grand Parisian,4.2,delhi,3-star hotel,Free breakfast,Wi-Fi,Air conditioning,Restaurant,Room service,Full-service laundry,Kid-friendly,0,4673
amigosindia,4.5,delhi,1-star hotel,Breakfast,Free Wi-Fi,Paid parking,Air conditioning,Pet-friendly,Restaurant,Kitchen,Airport shuttle,706
Holiday Inn Express New Delhi Int'l Airport T3,4.2,delhi,3-star hotel,Free breakfast,Free Wi-Fi,Air conditioning,Fitness center,Spa,Paid parking,Bar,Restaurant,14081
"Welcomhotel By ITC Hotels, Dwarka, New Delhi - Contemporary Hotel in the Capital | Ideal for Business & Leisure Travellers",4.5,delhi,5-star hotel,Free breakfast,Free Wi-Fi,Free parking,Pool,Air conditioning,Fitness center,Spa,Bar,10195
ibis Mumbai Vikhroli,4.5,mumbai,Free breakfast,Free Wi-Fi,Free parking,Air conditioning,Pet-friendly,Fitness center,Restaurant,Room service,Airport shuttle,7392
The Lalit Mumbai,4.4,mumbai,5-star hotel,Free breakfast,Free Wi-Fi,Free parking,Pool,Hot tub,Air conditioning,Fitness center,Spa,14278
JW Marriott Mumbai Juhu,4.6,mumbai,5-star hotel,Free Wi-Fi,Free parking,Pool,Air conditioning,Fitness center,Spa,Breakfast,Beach access,5725
Empire Royale Hotel,4.4,mumbai,3-star hotel,Free breakfast,Free Wi-Fi,Free parking,Pool,Restaurant,Kitchen,Full-service laundry,0,1582
"The Taj Mahal Palace, Mumbai",4.7,mumbai,5-star hotel,Free breakfast,Free Wi-Fi,Paid parking,Pool,Hot tub,Air conditioning,Fitness center,Spa,33021
Grand Hyatt Mumbai Hotel & Residences,4.5,mumbai,5-star hotel,Breakfast,Free Wi-Fi,Free parking,Pool,Hot tub,Air conditioning,Pet-friendly,Fitness center,14025
Shahana Guest House,3.1,mumbai,2-star hotel,Breakfast,Free Wi-Fi,Air conditioning,Full-service laundry,0,0,0,0,635
SAINA RESORT,3.6,mumbai,3-star hotel,Free breakfast,Free Wi-Fi,Free parking,Pool,Air conditioning,Restaurant,Accessible,Kid-friendly,5082
Stay Villa Dormitory (for Male and Female),5,mumbai,Bungalow,Sleeps 28,28 bedrooms,7 bathrooms,Air conditioning,Kid-friendly,Kitchen,Smoke-free,No fitness center,952
Hotel Milan International,3.9,mumbai,Breakfast,Free Wi-Fi,Free parking,Air conditioning,Restaurant,Room service,Airport shuttle,Full-service laundry,Accessible,1389
Gagal Home BKC Suite | Rooms & Caretaker,3.7,mumbai,Sleeps 4,2 bedrooms,Air conditioning,Elevator,Fireplace,Kitchen,Paid parking,Free Wi-Fi,No crib,4208
Qubestay Airport Capsule Hotel And Hostel,4.1,mumbai,Free breakfast,Free Wi-Fi,Air conditioning,Restaurant,Full-service laundry,Kid-friendly,0,0,0,1334
"Ginger Mumbai, Goregaon",4,mumbai,Free breakfast,Free Wi-Fi,Paid parking,Pool,Air conditioning,Restaurant,Room service,Full-service laundry,0,4031
The Lalit Mumbai,4.4,mumbai,5-star hotel,Free breakfast,Free Wi-Fi,Free parking,Pool,Hot tub,Air conditioning,Fitness center,Spa,11101
Royal Palms Villas with Private Pool,4,mumbai,Free Wi-Fi,Paid parking,Pool,Spa,Kitchen,Full-service laundry,0,0,0,20536
The Leela Mumbai - Resort Style Business Hotel,4.5,mumbai,5-star hotel,Free breakfast,Free Wi-Fi,Free parking,Pool,Hot tub,Air conditioning,Fitness center,Spa,11210
Hotel Nest N Rest - Mumbai,4.4,mumbai,Pool,Air conditioning,Restaurant,Room service,Kitchen,Full-service laundry,0,0,0,1116
Novotel Mumbai Juhu Beach,4.3,mumbai,5-star hotel,Breakfast,Free Wi-Fi,Free parking,Pool,Air conditioning,Pet-friendly,Fitness center,Beach access,11785
Airport inn residency,3.7,mumbai,3-star hotel,Free breakfast,Free Wi-Fi,Paid parking,Air conditioning,Restaurant,Room service,Airport shuttle,Full-service laundry,1109
Courtyard by Marriott Mumbai International Airport,4.4,mumbai,4-star hotel,Breakfast,Free Wi-Fi,Free parking,Pool,Air conditioning,Fitness center,Spa,Bar,11103
JW Marriott Mumbai Sahar,4.6,mumbai,5-star hotel,Breakfast,Free Wi-Fi,Free parking,Pool,Air conditioning,Fitness center,Spa,Bar,12963
The Westin Mumbai Garden City,4.5,mumbai,5-star hotel,Free Wi-Fi,Free parking,Pool,Hot tub,Air conditioning,Fitness center,Spa,Breakfast,12963
"Holiday Inn Mumbai International Airport, an IHG Hotel",4.5,mumbai,4-star hotel,Breakfast,Free Wi-Fi,Free parking,Pool,Air conditioning,Fitness center,Spa,Bar,10619
Novotel Mumbai Juhu Beach,4.3,mumbai,5-star hotel,Breakfast,Free Wi-Fi,Free parking,Pool,Air conditioning,Pet-friendly,Fitness center,Beach access,11800
Fairfield by Marriott Lucknow,4.3,lucknow,4-star hotel,Free breakfast,Free Wi-Fi,Free parking,Air conditioning,Fitness center,Bar,Restaurant,Room service,4816
Novotel Lucknow Gomti Nagar,4.5,lucknow,5-star hotel,Free breakfast,Free Wi-Fi,Free parking,Pool,Air conditioning,Pet-friendly,Fitness center,Bar,6551
Townhouse 1166 Bsa Townhouse,3.7,lucknow,Apartment,Sleeps 3,1 bedroom,Free parking,Free Wi-Fi,No air conditioning,No airport shuttle,No beach access,No elevator,1296
Hyatt Regency Lucknow,4.4,lucknow,5-star hotel,Breakfast,Free Wi-Fi,Free parking,Pool,Air conditioning,Fitness center,Spa,Bar,4480
Fairfield by Marriott Lucknow,4.3,lucknow,4-star hotel,Free breakfast,Free Wi-Fi,Free parking,Air conditioning,Fitness center,Bar,Restaurant,Room service,4814
Radisson Lucknow City Center,4.3,lucknow,3-star hotel,Breakfast,Free Wi-Fi,Paid parking,Pool,Air conditioning,Fitness center,Spa,Bar,4189
Taj Mahal Lucknow,4.6,lucknow,5-star hotel,Free breakfast,Free Wi-Fi,Free parking,Pool,Air conditioning,Fitness center,Spa,Bar,10936
The Regnant,4.2,lucknow,Breakfast,Free Wi-Fi,Paid parking,Pool,Air conditioning,Fitness center,Bar,Restaurant,Room service,3892
Hilton Garden Inn Lucknow,4.3,lucknow,4-star hotel,Free breakfast,Free Wi-Fi,Free parking,Pool,Air conditioning,Fitness center,Bar,Restaurant,5663
Ginger Lucknow,4,lucknow,3-star hotel,Free Wi-Fi,Paid parking,Air conditioning,Fitness center,Breakfast,Full-service laundry,Kid-friendly,0,2664
DCorbiz Hotel & Restaurant,4,lucknow,3-star hotel,Free breakfast,Free Wi-Fi,Free parking,Pool,Air conditioning,Restaurant,Room service,Full-service laundry,2108
Hotel Aryan,3.8,lucknow,2-star hotel,Free Wi-Fi,Room service,Kitchen,Full-service laundry,Kid-friendly,0,0,0,587
Hotel Golden Orchid,4,lucknow,3-star hotel,Free breakfast,Free Wi-Fi,Paid parking,Air conditioning,Room service,Kitchen,Airport shuttle,Full-service laundry,2218
Fortune Park BBD - Hotel in Lucknow,4.3,lucknow,4-star hotel,Free breakfast,Free Wi-Fi,Free parking,Pool,Air conditioning,Fitness center,Spa,Bar,7197
Hotel Millenia Regency Lucknow,4.2,lucknow,Free breakfast,Free parking,Pool,Air conditioning,Restaurant,Room service,Full-service laundry,Accessible,Kid-friendly,2814
Golden Tulip Lucknow,4.2,lucknow,4-star hotel,Free breakfast,Free Wi-Fi,Free parking,Pool,Air conditioning,Fitness center,Spa,Bar,7271
The Grand Radiant-3 Star Hotel in Lucknow,4,lucknow,4-star hotel,Free breakfast,Free Wi-Fi,Free parking,Pool,Air conditioning,Restaurant,Room service,Airport shuttle,2453
Comfort Inn,4.1,lucknow,3-star hotel,Free breakfast,Free Wi-Fi,Free parking,Pool,Air conditioning,Fitness center,Restaurant,Room service,3394
"lebua Lucknow, Saraca Estate",4.3,lucknow,4-star hotel,Free breakfast,Wi-Fi,Free parking,Pool,Air conditioning,Fitness center,Restaurant,Room service,7621
Comfort Hotel Vista,4.6,lucknow,3-star hotel,Free breakfast,Free Wi-Fi,Free parking,Pool,Air conditioning,Restaurant,Room service,Full-service laundry,6160
Hilton Garden Inn Lucknow,4.3,lucknow,4-star hotel,Free breakfast,Free Wi-Fi,Free parking,Pool,Air conditioning,Fitness center,Bar,Restaurant,5664
The Park Hotel,4.4,kolkata,5-star hotel,Free breakfast,Free Wi-Fi,Paid parking,Pool,Hot tub,Air conditioning,Fitness center,Spa,7295
"The Oberoi Grand, Kolkata",4.4,kolkata,5-star hotel,Free breakfast,Free Wi-Fi,Free parking,Pool,Hot tub,Air conditioning,Fitness center,Spa,4534
"The Oberoi Grand, Kolkata",4.4,kolkata,5-star hotel,Free breakfast,Free Wi-Fi,Free parking,Pool,Hot tub,Air conditioning,Fitness center,Spa,6048
The Elite Apartment Hotel,4.7,kolkata,3-star hotel,Free breakfast,Free Wi-Fi,Free parking,Air conditioning,Pet-friendly,Restaurant,Kitchen,Airport shuttle,784
Golden Parkk Hotel,4,kolkata,3-star hotel,Free breakfast,Free Wi-Fi,Paid parking,Air conditioning,Spa,Bar,Restaurant,Room service,3790
Aristro Club,4,kolkata,3-star hotel,Breakfast,Free Wi-Fi,Free parking,Pool,Air conditioning,Pet-friendly,Restaurant,Room service,1344
The Panash (Hotel and Banquets),4.4,kolkata,Free breakfast,Free Wi-Fi,Free parking,Air conditioning,Restaurant,Room service,Airport shuttle,Full-service laundry,Accessible,1565
HOTEL ORCHID INN,4.2,kolkata,Free Wi-Fi,Paid parking,Pool,Air conditioning,Restaurant,Full-service laundry,Kid-friendly,0,0,1027
Bubble Beds Kolkata,4.3,kolkata,2-star hotel,Free breakfast,Free Wi-Fi,Free parking,Air conditioning,Restaurant,Kitchen,Full-service laundry,Business center,862
Hotel Platinum,3.9,kolkata,3-star hotel,Free breakfast,Wi-Fi,Pool,Air conditioning,Pet-friendly,Restaurant,Kitchen,Full-service laundry,1464
Aster Guest House Kolkata,4,kolkata,Free breakfast,Free Wi-Fi,Air conditioning,Pet-friendly,Paid parking,Restaurant,Full-service laundry,Kid-friendly,0,2885
Hotel Radiant (Kolkata),4,kolkata,3-star hotel,Free breakfast,Free Wi-Fi,Free parking,Air conditioning,Restaurant,Room service,Full-service laundry,Kid-friendly,2731
Hotel Afsha,3.4,kolkata,Breakfast,Free Wi-Fi,Free parking,Air conditioning,Restaurant,Airport shuttle,Full-service laundry,Accessible,0,1285
backpackers park,4,kolkata,Free breakfast,Free Wi-Fi,Paid parking,Pool,Air conditioning,Kitchen,Full-service laundry,0,0,1103
Hotel Mayfair tower,4,kolkata,0,0,0,0,0,0,0,0,0,1680
"The Manor House, Kolkata",4.4,kolkata,Free breakfast,Free Wi-Fi,Pool,Air conditioning,Restaurant,Room service,Full-service laundry,Kid-friendly,0,3880
Barsana Boutique Hotel,4.3,kolkata,3-star hotel,Free breakfast,Free Wi-Fi,Free parking,Pool,Air conditioning,Restaurant,Room service,Airport shuttle,3719
Hotel Pan Asia Continental (A Unit Of Sharda Resources Limited),4.1,kolkata,3-star hotel,Free breakfast,Wi-Fi,Free parking,Air conditioning,Restaurant,Room service,Airport shuttle,Full-service laundry,3074
Hotel Emirates,4,kolkata,2-star hotel,Free breakfast,Free Wi-Fi,Free parking,Air conditioning,Restaurant,Room service,Kitchen,Airport shuttle,3014
The Aster Heritage,4.7,kolkata,Free breakfast,Free Wi-Fi,Free parking,Air conditioning,Pet-friendly,Room service,Full-service laundry,Business center,Kid-friendly,2778
Calcutta Bungalow| Heritage Rooms,4.9,kolkata,Sleeps 13,6 bedrooms,Air conditioning,Fireplace,Paid parking,Free Wi-Fi,No crib,No elevator,No fitness center,8604
"BhubanBari historic house airy twin room w 2 baths, kitchen, garden terrace",5,kolkata,House,Sleeps 2,1 bedroom,2 bathrooms,Kid-friendly,Kitchen,Smoke-free,Free parking,No air conditioning,2856
Hotel Pawan Putra,4.1,kolkata,3-star hotel,Free breakfast,Free Wi-Fi,Pool,Air conditioning,Paid parking,Restaurant,Full-service laundry,0,2436
"FabHotel Orion Crystal - Hotel in Park Circus, Kolkata",4.1,kolkata,Free breakfast,Free Wi-Fi,Paid parking,Pool,Air conditioning,Restaurant,Room service,Kitchen,Full-service laundry,2652
Hyatt Place Hyderabad Banjara Hills,4.3,hyderabad,4-star hotel,Breakfast,Free Wi-Fi,Free parking,Pool,Air conditioning,Fitness center,Bar,Restaurant,11209
Trident Hotel Hyderabad,4.5,hyderabad,5-star hotel,Free breakfast,Wi-Fi,Free parking,Pool,Air conditioning,Fitness center,Spa,Restaurant,10974
The Wilderness Retreat,4,hyderabad,Free breakfast,Free Wi-Fi,Free parking,Pool,Pet-friendly,Restaurant,Room service,Full-service laundry,Kid-friendly,4928
Hyderabad Marriott Hotel & Convention Centre,4.4,hyderabad,5-star hotel,Breakfast,Free Wi-Fi,Free parking,Pool,Air conditioning,Fitness center,Spa,Bar,7112
Citadel Hotels & Conventions By Vinnca,4.4,hyderabad,Free breakfast,Free Wi-Fi,Free parking,Pool,Air conditioning,Restaurant,Airport shuttle,Full-service laundry,Accessible,3640
Hotel Rainbow Tower,4.5,hyderabad,Breakfast,Free Wi-Fi,Free parking,Pool,Air conditioning,Restaurant,Room service,Airport shuttle,Full-service laundry,1187
"Deccan Serai Hotel, HITEC CITY, HYDERABAD",4.2,hyderabad,3-star hotel,Breakfast,Free Wi-Fi,Paid parking,Air conditioning,Fitness center,Restaurant,Room service,Airport shuttle,3436
Taramati Baradari Resort,4.2,hyderabad,3-star hotel,Free breakfast,Free Wi-Fi,Paid parking,Pool,Air conditioning,Restaurant,Room service,Kitchen,2520
The Grand Plaza Hotel,3.8,hyderabad,3-star hotel,Free breakfast,Free Wi-Fi,Free parking,Air conditioning,Restaurant,Room service,Airport shuttle,Accessible,1240
Taj Falaknuma Palace,4.7,hyderabad,5-star hotel,Free breakfast,Free Wi-Fi,Free parking,Pool,Air conditioning,Fitness center,Spa,Restaurant,46573
"Lemon Tree Hotel, Gachibowli, Hyderabad",4.2,hyderabad,4-star hotel,Free breakfast,Free Wi-Fi,Free parking,Pool,Hot tub,Air conditioning,Fitness center,Spa,4910
Hotel Shubham Palace - Karmanghat,4.3,hyderabad,3-star hotel,Free breakfast,Free Wi-Fi,Free parking,Air conditioning,Bar,Restaurant,Room service,Full-service laundry,2371
RESTEL STUDIO FLATS,4.2,hyderabad,Breakfast,Free Wi-Fi,Free parking,Air conditioning,Pet-friendly,Restaurant,Room service,Kitchen,Airport shuttle,2576
Ellaa Hotel,4.8,hyderabad,4-star hotel,Free breakfast,Free Wi-Fi,Paid parking,Pool,Hot tub,Air conditioning,Fitness center,Spa,4349
Zibe Hyderabad by GRT Hotels,4.5,hyderabad,3-star hotel,Free breakfast,Wi-Fi,Free parking,Air conditioning,Restaurant,Room service,Airport shuttle,Full-service laundry,4520
Ananya Eco Resorts,3.9,hyderabad,Free breakfast,Free Wi-Fi,Free parking,Air conditioning,Restaurant,Kid-friendly,0,0,0,3808
Hotel Daspalla Hyderabad,4.2,hyderabad,4-star hotel,Free breakfast,Free Wi-Fi,Free parking,Pool,Air conditioning,Fitness center,Spa,Bar,5446
Capital O Jubilee Banjara Suites Near City Center Mall,3.2,hyderabad,Apartment,Sleeps 4,2 bedrooms,Air conditioning,Cable TV,Free Wi-Fi,No airport shuttle,No beach access,No elevator,1044
Luxury House in Hyderabad With Chef and Driver,5,hyderabad,Sleeps 6,3 bedrooms,4 bathrooms,Kitchen,Free parking,Free Wi-Fi,No air conditioning,No airport shuttle,No beach access,10115
"Taj Krishna, Hyderabad",4.5,hyderabad,5-star hotel,Free breakfast,Free Wi-Fi,Free parking,Pool,Air conditioning,Fitness center,Spa,Bar,11800
The Wilderness Retreat,4,hyderabad,Free breakfast,Free Wi-Fi,Free parking,Pool,Pet-friendly,Restaurant,Room service,Full-service laundry,Kid-friendly,5668
Hotel Gargee Grand | Best Hotel in Patna,4.1,patna,4-star hotel,Free breakfast,Free Wi-Fi,Free parking,Pool,Air conditioning,Fitness center,Restaurant,Room service,4956
HOTEL AMALFI GRAND,4.1,patna,4-star hotel,Breakfast,Free Wi-Fi,Paid parking,Pool,Restaurant,Room service,Kitchen,Airport shuttle,4004
Hotel Fortune..,3.6,patna,3-star hotel,Free Wi-Fi,Paid parking,Pool,Restaurant,Kitchen,Full-service laundry,Kid-friendly,0,1200
HOTEL AMALFI GRAND,4.1,patna,4-star hotel,Breakfast,Free Wi-Fi,Paid parking,Pool,Restaurant,Room service,Kitchen,Airport shuttle,2935
Hotel Bodhi Tree - Best Hotel in Patna | Hotels Near Patna junction Railway Station and Patna airport,4.1,patna,Free breakfast,Free Wi-Fi,Paid parking,Pool,Air conditioning,Restaurant,Room service,Full-service laundry,Kid-friendly,2438
"Lemon Tree Premier, Patna",4.1,patna,4-star hotel,Free breakfast,Free Wi-Fi,Free parking,Pool,Air conditioning,Fitness center,Spa,Restaurant,6472
The Grand Empire | Best 4 Star Luxury Hotel in Patna,4,patna,4-star hotel,Breakfast,Free Wi-Fi,Free parking,Air conditioning,Fitness center,Restaurant,Room service,Kitchen,4662
Hotel Gargee Grand | Best Hotel in Patna,4.1,patna,4-star hotel,Free breakfast,Free Wi-Fi,Free parking,Pool,Air conditioning,Fitness center,Restaurant,Room service,4956
Ghar Aangan Resort,3.9,patna,3-star hotel,Free breakfast,Free Wi-Fi,Free parking,Pool,Air conditioning,Pet-friendly,Restaurant,Room service,2902
The Park Pride,4.2,patna,Free breakfast,Free Wi-Fi,Paid parking,Pool,Restaurant,Room service,Full-service laundry,0,0,2837
"Hotel Virasat Retreat, Opposit Medanta Hospital,Patna",4,patna,Free breakfast,Free Wi-Fi,Free parking,Pool,Air conditioning,Fitness center,Bar,Restaurant,Room service,1712
Buddha Heritage,4,patna,3-star hotel,Breakfast,Free Wi-Fi,Free parking,Air conditioning,Restaurant,Room service,Airport shuttle,Full-service laundry,3015
Hotel Maurya,4.3,patna,5-star hotel,Free breakfast,Free Wi-Fi,Free parking,Pool,Air conditioning,Fitness center,Spa,Restaurant,10112
Hotel Mundrika Deluxe,3.2,patna,3-star hotel,Free breakfast,Free Wi-Fi,Free parking,Pool,Air conditioning,Restaurant,Room service,Full-service laundry,1300
Hotel Aurelia Pearl,4.8,patna,Breakfast,Free Wi-Fi,Air conditioning,Restaurant,Room service,Full-service laundry,Smoke-free,0,0,1846
The Hotel Bliss | Best Hotels in Patna,4.1,patna,Breakfast,Free Wi-Fi,Free parking,Air conditioning,Restaurant,Room service,Airport shuttle,Full-service laundry,Accessible,1450
The AVR Hotel,4.1,patna,3-star hotel,Free breakfast,Free Wi-Fi,Free parking,Air conditioning,Fitness center,Restaurant,Room service,Airport shuttle,2438
Super OYO Townhouse OAK Holiday Grand,3.3,patna,Apartment,Sleeps 7,Air conditioning,Kitchen,Cable TV,Free Wi-Fi,No airport shuttle,No beach access,No elevator,1553
Hotel Windsor,3.9,patna,3-star hotel,Free breakfast,Free Wi-Fi,Free parking,Air conditioning,Restaurant,Room service,Airport shuttle,Full-service laundry,4536
"Lemon Tree Premier, Patna",4.1,patna,4-star hotel,Free breakfast,Free Wi-Fi,Free parking,Pool,Air conditioning,Fitness center,Spa,Restaurant,6882
Treebo Trend Seven Suites,3.5,nagpur,3-star hotel,Free breakfast,Free Wi-Fi,Air conditioning,Paid parking,Room service,Kitchen,Full-service laundry,Kid-friendly,2488
Treebo Trend Chalets,4.2,nagpur,3-star hotel,Free breakfast,Free Wi-Fi,Paid parking,Pool,Air conditioning,Restaurant,Room service,Full-service laundry,3008
Radisson Blu Hotel Nagpur,4.5,nagpur,5-star hotel,Breakfast,Free Wi-Fi,Paid parking,Pool,Hot tub,Air conditioning,Fitness center,Spa,9361
Regenta Central Hotel & Convention Centre,4,nagpur,4-star hotel,Free breakfast,Wi-Fi,Free parking,Air conditioning,Fitness center,Bar,Restaurant,Room service,3830
Hotel The Embassy,4.1,nagpur,3-star hotel,Free breakfast,Free Wi-Fi,Free parking,Pool,Air conditioning,Bar,Restaurant,Room service,3395
Hotel Centre Point,4.3,nagpur,5-star hotel,Free breakfast,Free Wi-Fi,Free parking,Pool,Air conditioning,Fitness center,Spa,Bar,4681
"The Legend Inn, Nagpur",4,nagpur,3-star hotel,Free breakfast,Free Wi-Fi,Free parking,Air conditioning,Bar,Restaurant,Room service,Airport shuttle,3276
Orange Tree Hotels,4.4,nagpur,Free breakfast,Free Wi-Fi,Pool,Air conditioning,Restaurant,Room service,Full-service laundry,0,0,3042
Octave Parkland Suites,4.3,nagpur,Breakfast,Free Wi-Fi,Free parking,Pool,Air conditioning,Room service,Kitchen,Full-service laundry,0,2099
"RSVP NAGPUR(Restro-bar,Rooftop & Rooms)",4,nagpur,Free breakfast,Free Wi-Fi,Paid parking,Pool,Restaurant,Room service,Full-service laundry,0,0,2300
Treebo Trend Chalets,4.2,nagpur,3-star hotel,Free breakfast,Free Wi-Fi,Paid parking,Pool,Air conditioning,Restaurant,Room service,Full-service laundry,2989
Hotel Orient Crown,3.9,nagpur,Free breakfast,Free Wi-Fi,Free parking,Pool,Air conditioning,Restaurant,Kitchen,Smoke-free,0,1677
Hotel Maitrayee,4.6,nagpur,Free breakfast,Free Wi-Fi,Free parking,Pool,Air conditioning,Restaurant,Room service,Kitchen,Full-service laundry,2384
Hotel Nagpur Ashok,4,nagpur,3-star hotel,Breakfast,Free Wi-Fi,Free parking,Pool,Air conditioning,Spa,Bar,Restaurant,5235
Nirvana Residency,4.7,nagpur,0,0,0,0,0,0,0,0,0,2600
The Paramount Hotel,4.4,nagpur,Free Wi-Fi,Paid parking,Pool,Air conditioning,Room service,Kitchen,Full-service laundry,Smoke-free,0,1071
Hotel President Nagpur,4.1,nagpur,3-star hotel,Free breakfast,Wi-Fi,Free parking,Pool,Air conditioning,Restaurant,Room service,Airport shuttle,2813
Treebo Trend The Pavilion,4,nagpur,Free breakfast,Free Wi-Fi,Paid parking,Pool,Air conditioning,Restaurant,Room service,Full-service laundry,0,2966
Treebo Trend Hotel A1,3.9,nagpur,3-star hotel,Free breakfast,Free Wi-Fi,Paid parking,Pool,Air conditioning,Restaurant,Airport shuttle,Full-service laundry,2689
Trident Hotel Jaipur,4.4,jaipur,5-star hotel,Breakfast,Free Wi-Fi,Free parking,Pool,Air conditioning,Fitness center,Spa,Bar,14160
The Lalit Jaipur,4.4,jaipur,5-star hotel,Free breakfast,Wi-Fi,Free parking,Pool,Air conditioning,Fitness center,Spa,Bar,12389
Hotel Sarang Palace - Boutique Stays & Candlelight Dining,4.4,jaipur,3-star hotel,Breakfast,Free Wi-Fi,Free parking,Air conditioning,Spa,Bar,Restaurant,Room service,2724
Moustache Jaipur,4.4,jaipur,2-star hotel,Free Wi-Fi,Pool,Air conditioning,Restaurant,Kitchen,Full-service laundry,0,0,1039
Chokhi Dhani Resort,4.3,jaipur,5-star hotel,Free breakfast,Free Wi-Fi,Free parking,Pool,Air conditioning,Fitness center,Spa,Restaurant,10029
"Holiday Inn Jaipur City Centre, an IHG Hotel",4.5,jaipur,5-star hotel,Breakfast,Free Wi-Fi,Free parking,Pool,Air conditioning,Fitness center,Spa,Bar,14190
Umaid Bhawan-A Royal Heritage Style Boutique Hotel,4.3,jaipur,4-star hotel,Free breakfast,Free Wi-Fi,Free parking,Pool,Air conditioning,Bar,Restaurant,Room service,5585
Jaipur Marriott Hotel,4.5,jaipur,5-star hotel,Breakfast,Free Wi-Fi,Free parking,Pool,Hot tub,Air conditioning,Fitness center,Spa,7840
"Devi Ratn, Jaipur – IHCL SeleQtions",4.5,jaipur,5-star hotel,Free breakfast,Free Wi-Fi,Free parking,Pool,Hot tub,Air conditioning,Pet-friendly,Fitness center,16992
The Lalit Jaipur,4.4,jaipur,5-star hotel,Free breakfast,Wi-Fi,Free parking,Pool,Air conditioning,Fitness center,Spa,Bar,7381
Hotel Rajasthan Palace,4.7,jaipur,3-star hotel,Breakfast,Free Wi-Fi,Free parking,Pool,Air conditioning,Restaurant,Room service,Airport shuttle,5479
WelcomHeritage Traditional Haveli,4.5,jaipur,5-star hotel,Free breakfast,Free Wi-Fi,Free parking,Pool,Air conditioning,Spa,Bar,Restaurant,4704
Hilton Jaipur,4.4,jaipur,5-star hotel,Breakfast,Free Wi-Fi,Free parking,Pool,Air conditioning,Fitness center,Spa,Bar,6885
"Lemon Tree Premier, Jaipur",4.3,jaipur,4-star hotel,Breakfast,Wi-Fi,Free parking,Pool,Air conditioning,Fitness center,Spa,Bar,3920
Hotel Grand Lotus Inn,4.7,jaipur,3-star hotel,Breakfast,Free Wi-Fi,Free parking,Air conditioning,Restaurant,Room service,Airport shuttle,Full-service laundry,1489
"Jai Mahal Palace, Jaipur",4.7,jaipur,5-star hotel,Free breakfast,Free Wi-Fi,Free parking,Pool,Air conditioning,Fitness center,Spa,Bar,34173
Chokhi Dhani Resort,4.3,jaipur,5-star hotel,Free breakfast,Free Wi-Fi,Free parking,Pool,Air conditioning,Fitness center,Spa,Restaurant,8388
Dera Jaipur,4.5,jaipur,Sleeps 17,6 bedrooms,Air conditioning,Fireplace,Cable TV,Paid parking,Free Wi-Fi,No crib,No elevator,8400
Blue Beds Jaipur,4.4,jaipur,3-star hotel,Breakfast,Free Wi-Fi,Paid parking,Air conditioning,Restaurant,Kitchen,Airport shuttle,Full-service laundry,1858
Hotel Royal Orchid Jaipur,4.3,jaipur,5-star hotel,Free breakfast,Free Wi-Fi,Paid parking,Pool,Hot tub,Air conditioning,Fitness center,Restaurant,6011
Ginger Jaipur,4.1,jaipur,3-star hotel,Free Wi-Fi,Paid parking,Air conditioning,Fitness center,Breakfast,Full-service laundry,Kid-friendly,0,3135
Pride Amber Vilas Resort & Convention Centre,4.2,jaipur,4-star hotel,Free breakfast,Free Wi-Fi,Free parking,Pool,Air conditioning,Fitness center,Spa,Restaurant,7951
Sureli Haveli Jaipur,3.8,jaipur,Sleeps 2,1 bedroom,Paid parking,No outdoor grill,Not pet-friendly,Not smoke-free,Not wheelchair accessible,0,0,1415
Novotel Ahmedabad,4.6,ahmedabad,5-star hotel,Breakfast,Free Wi-Fi,Free parking,Pool,Air conditioning,Pet-friendly,Fitness center,Spa,6042
The Grand Bhagwati,4.3,ahmedabad,4-star hotel,Free breakfast,Free Wi-Fi,Paid parking,Air conditioning,Restaurant,Room service,Kitchen,Airport shuttle,4854
"Holiday Inn Express Ahmedabad Prahlad Nagar, an IHG Hotel",4.4,ahmedabad,Free breakfast,Free Wi-Fi,Free parking,Air conditioning,Fitness center,Restaurant,Room service,Airport shuttle,Accessible,4007
"Taj Skyline, Ahmedabad",4.5,ahmedabad,5-star hotel,Free breakfast,Free Wi-Fi,Free parking,Pool,Spa,Restaurant,Room service,Airport shuttle,8064
Hyatt Regency Ahmedabad,4.4,ahmedabad,5-star hotel,Breakfast,Free Wi-Fi,Free parking,Pool,Air conditioning,Fitness center,Spa,Restaurant,6490
"Welcomhotel By ITC Hotels, Ashram Road, Ahmedabad",4.6,ahmedabad,5-star hotel,Free breakfast,Free Wi-Fi,Free parking,Hot tub,Fitness center,Spa,Restaurant,Room service,5334
Hotel Eldorado,4.3,ahmedabad,3-star hotel,Free breakfast,Free Wi-Fi,Free parking,Pool,Hot tub,Air conditioning,Fitness center,Spa,3100
Courtyard by Marriott Ahmedabad,4.4,ahmedabad,5-star hotel,Breakfast,Free Wi-Fi,Free parking,Pool,Hot tub,Air conditioning,Fitness center,Spa,7263
"ITC Narmada, a Luxury Collection Hotel, Ahmedabad",4.6,ahmedabad,5-star hotel,Breakfast,Free Wi-Fi,Free parking,Pool,Air conditioning,Fitness center,Spa,Restaurant,11400
Novotel Ahmedabad,4.6,ahmedabad,5-star hotel,Breakfast,Free Wi-Fi,Free parking,Pool,Air conditioning,Pet-friendly,Fitness center,Spa,5913
Hyatt Ahmedabad,4.5,ahmedabad,5-star hotel,Breakfast,Free Wi-Fi,Free parking,Pool,Air conditioning,Fitness center,Spa,Restaurant,5475
Ramada by Wyndham Ahmedabad,4,ahmedabad,4-star hotel,Free breakfast,Free Wi-Fi,Free parking,Air conditioning,Fitness center,Spa,Restaurant,Room service,4680
Radhe Upavan Resort,4.4,ahmedabad,3-star hotel,Free breakfast,Free Wi-Fi,Free parking,Pool,Air conditioning,Fitness center,Restaurant,Room service,5206
Agrasen Foundation,4.2,ahmedabad,0,0,0,0,0,0,0,0,0,1765
Aarya Grand Hotels & Resorts,4.2,ahmedabad,3-star hotel,Free breakfast,Wi-Fi,Free parking,Pool,Air conditioning,Restaurant,Room service,Airport shuttle,3091
DoubleTree by Hilton Ahmedabad,4.5,ahmedabad,5-star hotel,Free breakfast,Free Wi-Fi,Free parking,Pool,Air conditioning,Fitness center,Spa,Restaurant,6182
"Fortune Select SG Highway, Ahmedabad - Member ITC's hotel group",4.3,ahmedabad,5-star hotel,Breakfast,Free Wi-Fi,Free parking,Air conditioning,Fitness center,Restaurant,Room service,Airport shuttle,4929
in&out AC Dormitory Ahmedabad,4.1,ahmedabad,1-star hotel,Free Wi-Fi,Paid parking,Pool,Restaurant,Airport shuttle,Full-service laundry,0,0,646
Tribecca Select,4.3,ahmedabad,3-star hotel,Free breakfast,Wi-Fi,Free parking,Air conditioning,Restaurant,Room service,Kitchen,Airport shuttle,2097
BloomSuites | Ahmedabad,4.2,ahmedabad,4-star hotel,Free breakfast,Free Wi-Fi,Free parking,Pool,Air conditioning,Fitness center,Restaurant,Room service,4333
Deewanji Ni Haveli | Rooms & Restaurant,2.8,ahmedabad,Sleeps 12,3 bedrooms,Air conditioning,Fireplace,Paid parking,Free Wi-Fi,No crib,No elevator,No fitness center,5003
"Welcomhotel By ITC Hotels, Ashram Road, Ahmedabad",4.6,ahmedabad,5-star hotel,Free breakfast,Free Wi-Fi,Free parking,Hot tub,Fitness center,Spa,Restaurant,Room service,5543
Hyatt Regency Ahmedabad,4.4,ahmedabad,5-star hotel,Breakfast,Free Wi-Fi,Free parking,Pool,Air conditioning,Fitness center,Spa,Restaurant,6552
"Holiday Inn Amritsar Ranjit Avenue, an IHG Hotel",4.4,amritsar,5-star hotel,Breakfast,Free Wi-Fi,Free parking,Pool,Air conditioning,Fitness center,Bar,Restaurant,6630
Regenta Central Amritsar,4.2,amritsar,5-star hotel,Free breakfast,Free Wi-Fi,Paid parking,Air conditioning,Fitness center,Spa,Bar,Restaurant,5599
Fairfield by Marriott Amritsar,4.3,amritsar,4-star hotel,Free breakfast,Free Wi-Fi,Free parking,Pool,Air conditioning,Fitness center,Bar,Restaurant,5509
Regenta Central Amritsar,4.2,amritsar,5-star hotel,Free breakfast,Free Wi-Fi,Paid parking,Air conditioning,Fitness center,Spa,Bar,Restaurant,4117
Courtyard by Marriott Amritsar,4.4,amritsar,5-star hotel,Breakfast,Free Wi-Fi,Free parking,Pool,Air conditioning,Fitness center,Spa,Bar,6046
Hyatt Regency Amritsar,4.3,amritsar,5-star hotel,Breakfast,Free Wi-Fi,Free parking,Air conditioning,Fitness center,Spa,Bar,Restaurant,8367
Fabhotels - Hotel Le Golden,3.8,amritsar,Free breakfast,Free Wi-Fi,Paid parking,Pool,Air conditioning,Restaurant,Room service,Kitchen,Full-service laundry,1326
Regenta Place Amritsar,4.2,amritsar,4-star hotel,Free breakfast,Free Wi-Fi,Free parking,Pool,Air conditioning,Fitness center,Spa,Bar,4321
Madpackers Amritsar,4.4,amritsar,Free Wi-Fi,Kitchen,Full-service laundry,0,0,0,0,0,0,732
"Taj Swarna, Amritsar",4.4,amritsar,5-star hotel,Free breakfast,Free Wi-Fi,Free parking,Pool,Hot tub,Air conditioning,Fitness center,Spa,11800
Ramada by Wyndham Amritsar,4.3,amritsar,4-star hotel,Free breakfast,Free Wi-Fi,Paid parking,Pool,Air conditioning,Fitness center,Restaurant,Room service,6660
Treehouse London Street Amritsar,4.1,amritsar,Free breakfast,Free Wi-Fi,Paid parking,Pool,Restaurant,Room service,Full-service laundry,0,0,2669
HolidayVilla Amritsar,4.9,amritsar,4-star hotel,Free breakfast,Free Wi-Fi,Air conditioning,Room service,Kitchen,Full-service laundry,0,0,2455
"Holiday Inn Amritsar Ranjit Avenue, an IHG Hotel",4.4,amritsar,5-star hotel,Breakfast,Free Wi-Fi,Free parking,Pool,Air conditioning,Fitness center,Bar,Restaurant,5991
Hotel Amritsar International,4,amritsar,3-star hotel,Free breakfast,Wi-Fi,Pool,Air conditioning,Restaurant,Room service,Full-service laundry,Kid-friendly,1900
Hotel Anchit - Walking Distance To Golden Temple,4.4,amritsar,Breakfast,Free Wi-Fi,Pool,Air conditioning,Room service,Full-service laundry,Smoke-free,0,0,1176
Amritsar Grand Hotel By Levelup Hotels,4.8,amritsar,Free breakfast,Free Wi-Fi,Paid parking,Pool,Air conditioning,Pet-friendly,Restaurant,Room service,Airport shuttle,2306
BR Grand Amritsar,4.4,amritsar,Free Wi-Fi,Paid parking,Pool,Restaurant,Room service,Kitchen,Full-service laundry,0,0,2326
"Serenity Bangla, Amritsar",4.2,amritsar,Sleeps 4,1 bedroom,Air conditioning,Fireplace,Kitchen,Free parking,Free Wi-Fi,No crib,No elevator,2485
The Landmark Amritsar : Near Golden Temple,4.3,amritsar,3-star hotel,Free breakfast,Free Wi-Fi,Free parking,Air conditioning,Restaurant,Room service,Full-service laundry,Business center,3581
Hotel Sapphire Opposite Golden Temple,4.1,amritsar,3-star hotel,Breakfast,Free Wi-Fi,Paid parking,Air conditioning,Restaurant,Room service,Airport shuttle,Full-service laundry,2246
Shine Star By Tag Your Trip Near Golden Temple,3.8,amritsar,House,Sleeps 9,3 bedrooms,Air conditioning,Fireplace,Kitchen,Cable TV,Paid parking,Free Wi-Fi,820
Amritsar Grand Hotel By Levelup Hotels,4.8,amritsar,Free breakfast,Free Wi-Fi,Paid parking,Pool,Air conditioning,Pet-friendly,Restaurant,Room service,Airport shuttle,2999
Fairfield by Marriott Amritsar,4.3,amritsar,4-star hotel,Free breakfast,Free Wi-Fi,Free parking,Pool,Air conditioning,Fitness center,Bar,Restaurant,6047
"The Fern Residency, Noida",4.1,noida,Free breakfast,Free Wi-Fi,Paid parking,Pool,Air conditioning,Restaurant,Room service,Full-service laundry,0,5278
Treebo Trend Noida Grand,4,noida,Free breakfast,Free Wi-Fi,Paid parking,Restaurant,Room service,Kitchen,Full-service laundry,Business center,0,2371
Noida Suites,3.7,noida,Sleeps 5,2 bedrooms,Air conditioning,Elevator,Fireplace,Kitchen,Cable TV,Paid parking,Free Wi-Fi,2036
Radisson Noida,4.3,noida,5-star hotel,Breakfast,Free Wi-Fi,Free parking,Pool,Air conditioning,Fitness center,Spa,Bar,3584
"The Fern Residency, Noida",4.1,noida,Free breakfast,Free Wi-Fi,Paid parking,Pool,Air conditioning,Restaurant,Room service,Full-service laundry,0,4677
Regenta Central Noida,3.8,noida,Breakfast,Free Wi-Fi,Free parking,Air conditioning,Fitness center,Spa,Restaurant,Room service,Airport shuttle,4255
Taj Studios Private Luxury Studio Apartment Central Noida,2.9,noida,Sleeps 2,1 bedroom,Air conditioning,Elevator,Fireplace,Kitchen,Cable TV,Paid parking,Free Wi-Fi,2081
Hotel White Castle,3.9,noida,3-star hotel,Free breakfast,Free Wi-Fi,Free parking,Air conditioning,Restaurant,Room service,Airport shuttle,Full-service laundry,800
"Fortune Sector 27, Noida - Member ITC's hotel group",4.1,noida,4-star hotel,Free breakfast,Wi-Fi,Free parking,Pool,Air conditioning,Fitness center,Spa,Bar,7196
Hyphen Business Hotels,3.8,noida,3-star hotel,Free breakfast,Free Wi-Fi,Free parking,Air conditioning,Fitness center,Restaurant,Room service,Airport shuttle,2487
Park Ascent,4.2,noida,4-star hotel,Breakfast,Free Wi-Fi,Free parking,Air conditioning,Fitness center,Bar,Restaurant,Room service,6215
Mosaic Hotel Noida,4.1,noida,4-star hotel,Breakfast,Free Wi-Fi,Free parking,Pool,Air conditioning,Fitness center,Bar,Restaurant,6946
The Taj Studios .Com,4,noida,0,0,0,0,0,0,0,0,0,2535
Shacon Suites,4.6,noida,Free Wi-Fi,Kitchen,Full-service laundry,Kid-friendly,0,0,0,0,0,2785
The G8,4,noida,4-star hotel,Free breakfast,Free Wi-Fi,Paid parking,Air conditioning,Restaurant,Room service,Kitchen,Airport shuttle,4616
Hotel Noida International,3.6,noida,3-star hotel,Free breakfast,Wi-Fi,Free parking,Air conditioning,Restaurant,Room service,Airport shuttle,Full-service laundry,1288
Hotel The Emporio A Corporate Suites,4.9,noida,0,0,0,0,0,0,0,0,0,3347
Hotel Malhar Haveli,4.2,noida,3-star hotel,Breakfast,Paid parking,Air conditioning,Wi-Fi,Restaurant,Kitchen,Airport shuttle,Full-service laundry,3239
Ahuja Residency Noida,4.3,noida,3-star hotel,Breakfast,Free Wi-Fi,Free parking,Air conditioning,Restaurant,Room service,Kitchen,Full-service laundry,3351
The Amaya Inn,4,noida,Free breakfast,Free Wi-Fi,Paid parking,Restaurant,Room service,Kitchen,Full-service laundry,0,0,2427
Treebo Trend House Inn - Hotel in Noida,3.7,noida,3-star hotel,Free breakfast,Wi-Fi,Pool,Air conditioning,Restaurant,Room service,Full-service laundry,Business center,2378
